level_0,level_1,level_2,level_3,level_4,level_5
Bangladesh,Dhaka,Dhaka,Bangshal,Ward No-63,Saat Rawza
Bangladesh,Dhaka,Dhaka,Bangshal,Ward No-66,Babu Bazzar
Bangladesh,Dhaka,Dhaka,Bangshal,Ward No-67,Naya Bazar
Bangladesh,Dhaka,Dhaka,Bangshal,Ward No-68,Naya Bazaar
Bangladesh,Dhaka,Dhaka,Bangshal,Ward No-69,Chandkhar Pool
Bangladesh,Dhaka,Dhaka,Bangshal,Ward No-70,Siddique Bazar
Bangladesh,Dhaka,Dhaka,Bangshal,Ward No-71,Malitola
Bangladesh,Dhaka,Dhaka,Biman Bandar,Dakshinkhan,Ashkona
Bangladesh,Dhaka,Dhaka,Chak Bazar,Ward No-63,Bakshi Bazar
Bangladesh,Dhaka,Dhaka,Chak Bazar,Ward No-64,Khaje Dewan
Bangladesh,Dhaka,Dhaka,Chak Bazar,Ward No-65,Islambag
Bangladesh,Dhaka,Dhaka,Chak Bazar,Ward No-66,Babu Bazaar
Bangladesh,Dhaka,Dhaka,Bangshal,Ward No-67,Chawk Bazar
Bangladesh,Dhaka,Dhaka,Dakshinkhan,Dakshinkhan,Ashiyan City
Bangladesh,Dhaka,Dhaka,Demra,Demra,Paity
Bangladesh,Dhaka,Dhaka,Demra,Matuail,Sarulia
Bangladesh,Dhaka,Dhaka,Dhanmondi,Ward No-47,West Dhanmondi
Bangladesh,Dhaka,Dhaka,Dhanmondi,Ward No-49,Kalabagan
Bangladesh,Dhaka,Dhaka,Gendaria,Ward No-76,Narinda
Bangladesh,Dhaka,Dhaka,Gendaria,Ward No-80,Narinda
Bangladesh,Dhaka,Dhaka,Gendaria,Ward No-81,Dayaganj
Bangladesh,Dhaka,Dhaka,Gendaria,Ward No-82,Farashganj
Bangladesh,Dhaka,Dhaka,Gulshan,Ward No-18,Baridhara
Bangladesh,Dhaka,Dhaka,Gulshan,Ward No-19,Gulshan-2
Bangladesh,Dhaka,Dhaka,Jatrabari,Dhania,Doniya
Bangladesh,Dhaka,Dhaka,Jatrabari,Ward No-84,Bibir Bagicha
Bangladesh,Dhaka,Dhaka,Jatrabari,Ward No-85,Golapbag
Bangladesh,Dhaka,Dhaka,Jatrabari,Ward No-86,South Jatrabari
Bangladesh,Dhaka,Dhaka,Kadamtali,Dhania,Purbo Jurain
Bangladesh,Dhaka,Dhaka,Kadamtali,Matuail,Meraj Nagar
Bangladesh,Dhaka,Dhaka,Kadamtali,Shyampur,Shyampur
Bangladesh,Dhaka,Dhaka,Kadamtali,Ward No-88,Janata Market
Bangladesh,Dhaka,Dhaka,Kadamtali,Ward No-89,Jurain
Bangladesh,Dhaka,Dhaka,Kafrul,Ward No-15,Cantonment
Bangladesh,Dhaka,Dhaka,Kalabagan,Ward No-50,Panthapath
Bangladesh,Dhaka,Dhaka,Kamrangir Char,Kamrangir Char,Karimbag
Bangladesh,Dhaka,Dhaka,Khilgaon,Dakshingaon,Imambagh
Bangladesh,Dhaka,Dhaka,Khilgaon,Nasirabad,Nasirabad
Bangladesh,Dhaka,Dhaka,Khilgaon,Ward No-25,Madhya Basabo
Bangladesh,Dhaka,Dhaka,Khilgaon,Ward No-26,Meradia
Bangladesh,Dhaka,Dhaka,Khilkhet,Dakshinkhan,Barua
Bangladesh,Dhaka,Dhaka,Khilkhet,Dakshinkhan,Dumni
Bangladesh,Dhaka,Dhaka,Khilkhet,Ward No-17,Khilkhet
Bangladesh,Dhaka,Dhaka,Kotwali,Ward No-68,Islampur
Bangladesh,Dhaka,Dhaka,Kotwali,Ward No-72,Babu Bazaar
Bangladesh,Dhaka,Dhaka,Kotwali,Ward No-73,Sadarghat
Bangladesh,Dhaka,Dhaka,Lalbagh,Ward No-59,Kashmiri Tola
Bangladesh,Dhaka,Dhaka,Lalbagh,Ward No-60,Shahid Nagar
Bangladesh,Dhaka,Dhaka,Lalbagh,Ward No-61,Lalbagh Fort
Bangladesh,Dhaka,Dhaka,Lalbagh,Ward No-62,Azimpur
Bangladesh,Dhaka,Dhaka,Lalbagh,Ward No-91,Munshihati
Bangladesh,Dhaka,Dhaka,Lalbagh,Ward No-92,Baragram
Bangladesh,Dhaka,Dhaka,Mohammadpur,Ward No-46,Dhaka Uddan Housing
Bangladesh,Dhaka,Dhaka,Mohammadpur,Ward No-47,Bosila
Bangladesh,Dhaka,Dhaka,Shahjahanpur,Ward No-31,Kamalapur
Bangladesh,Dhaka,Dhaka,Motijheel,Ward No-32,Bangabhaban
Bangladesh,Dhaka,Dhaka,Motijheel,Ward No-33,AGB Colony
Bangladesh,Dhaka,Dhaka,Shahjahanpur,Ward No-35,Shantibagh
Bangladesh,Dhaka,Dhaka,New Market,Ward No-52,Peelkhana
Bangladesh,Dhaka,Dhaka,Paltan,Ward No-36,Baitul Mokarram
Bangladesh,Dhaka,Dhaka,Ramna,Ward No-54,Mogbazar
Bangladesh,Dhaka,Dhaka,Rampura,Ward No-22,East Rampura
Bangladesh,Dhaka,Dhaka,Rampura,Ward No-23,Chowdhuripara
Bangladesh,Dhaka,Dhaka,Sabujbagh,Manda,Mugdapara
Bangladesh,Dhaka,Dhaka,Sabujbagh,Ward No-27,Baganbari
Bangladesh,Dhaka,Dhaka,Sabujbagh,Ward No-29,Mugdapara
Bangladesh,Dhaka,Dhaka,Sabujbagh,Ward No-30,Maniknagar
Bangladesh,Dhaka,Dhaka,Sher-e-bangla Nagar,Ward No-40,Sher-E-Bangla Nagar
Bangladesh,Dhaka,Dhaka,Shyampur,Ward No-83,Faridabad
Bangladesh,Dhaka,Dhaka,Shyampur,Ward No-87,West Dholairpar
Bangladesh,Dhaka,Dhaka,Shyampur,Ward No-90,Postogola
Bangladesh,Dhaka,Dhaka,Sutrapur,Ward No-74,Banagram
Bangladesh,Dhaka,Dhaka,Sutrapur,Ward No-75,Tikatuli
Bangladesh,Dhaka,Dhaka,Sutrapur,Ward No-77,Wari
Bangladesh,Dhaka,Dhaka,Sutrapur,Ward No-78,Laxmibazar
Bangladesh,Dhaka,Dhaka,Sutrapur,Ward No-79,Sadarghat
Bangladesh,Dhaka,Dhaka,Sutrapur,Ward No-80,Mugritola
Bangladesh,Dhaka,Dhaka,Uttar Khan,Uttar Khan,Uttar Khan Union
Bangladesh,Dhaka,Dhaka,Uttara,Ward No-01,Sector 10
Bangladesh,Dhaka,Dhaka,Gulshan,Ward No-19,Karail
Bangladesh,Dhaka,Dhaka,Gulshan,Ward No-19,Gulshan-1
Bangladesh,Dhaka,Dhaka,Tejgaon Ind. Area,Ward No-37,Tejgaon Ind. Area
Bangladesh,Dhaka,Dhaka,Vatara,Vatara,Madani Sarani
Bangladesh,Dhaka,Dhaka,Badda,Vatara,Solmaid
Bangladesh,Dhaka,Dhaka,Badda,Satarkul,Fakirkhali
Bangladesh,Dhaka,Dhaka,Vatara,Basundhara R/A,Basundhara F Block
Bangladesh,Dhaka,Dhaka,Pallabi,Ward No-06,Section 13
Bangladesh,Dhaka,Dhaka,Cantonment,Ward No-98,Army Stadium
Bangladesh,Dhaka,Dhaka,Biman Bandar,Ward No-98,Hazrat Shahjalal International Airport
Bangladesh,Dhaka,Dhaka,Cantonment,Ward No-15,BAF Kurmitola Cantonment
Bangladesh,Dhaka,Dhaka,Turag,Harirampur,Dhour
Bangladesh,Dhaka,Dhaka,Khilkhet,Ward No-17,Nikunja 2
Bangladesh,Dhaka,Dhaka,Dhanmondi,Ward No-49,Jigatola
Bangladesh,Dhaka,Dhaka,Tejgaon,Ward No-39,Tejgaon Ind. Area
Bangladesh,Dhaka,Dhaka,New Market,Ward No-52,Kataban
Bangladesh,Dhaka,Dhaka,Kalabagan,Ward No-50,Hatirpool
Bangladesh,Dhaka,Dhaka,Kalabagan,Ward No-51,Kalabagan
Bangladesh,Dhaka,Dhaka,Mohammadpur,Ward No-47,Sankar
Bangladesh,Dhaka,Dhaka,Mohammadpur,Ward No-47,Zafrabad
Bangladesh,Dhaka,Dhaka,Mohammadpur,Ward No-46,Bosila
Bangladesh,Dhaka,Dhaka,Mohammadpur,Ward No-46,Chadd Uddan Housing
Bangladesh,Dhaka,Dhaka,Mohammadpur,Ward No-46,Ramchandrapur
Bangladesh,Dhaka,Dhaka,Mohammadpur,Ward No-46,Nabi Nagar Housing
Bangladesh,Dhaka,Dhaka,Mohammadpur,Ward No-46,Bosila Garden City
Bangladesh,Dhaka,Dhaka,Hazaribagh,Ward No-58,Jhauchod
Bangladesh,Dhaka,Dhaka,Mohammadpur,Bosila,Bosila Housing
Bangladsh,Dhaka,Dhaka,Hazaribag,Ward No-48,Jhauchor
Bangladesh,Dhaka,Dhaka,Hazaribag,Ward No-48,Rayer Bazaar
Bangladesh,Dhaka,Dhaka,Hazaribag,Ward No-48,Tallabag
Bangladesh,Dhaka,Dhaka,Hazaribag,Ward No-48,Hazaribag
Bangladesh,Dhaka,Dhaka,Hazaribagh,Ward No-58,Burhanpur
Bangladesh,Dhaka,Dhaka,Hazaribagh,Ward No-58,Moneshwar
Bangladesh,Dhaka,Dhaka,Hazaribagh,Ward No-58,Badda Nagar
Bangladesh,Dhaka,Dhaka,Hazaribagh,Ward No-58,Bhagalpur
Bangladesh,Dhaka,Dhaka,Lalbagh,Ward No-59,Amligola
Bangladesh,Dhaka,Dhaka,Hazaribagh,Ward No-48,Washpur
Bangladesh,Dhaka,Dhaka,Mohammadpur,Ward No-46,Mohammadia Residential Area
Bangladesh,Dhaka,Dhaka,Mohammadpur,Ward No-46,Chandmiya Housing
Bangladesh,Dhaka,Dhaka,Bangshal,Ward No-71,Nawabpur
Bangladesh,Dhaka,Dhaka,Sutrapur,Ward No-74,Kaptan Bazaar
Bangladesh,Dhaka,Dhaka,Shyampur,Ward No-83,Gendaria
Bangladesh,Dhaka,Dhaka,Jatrabari,Ward No-84,Sayedabad
Bangladesh,Dhaka,Dhaka,Kadamtali,Dhania,Mujahid Nagar
Bangladesh,Dhaka,Dhaka,Kadamtali,Shyampur,Mohammadbag
Bangladesh,Dhaka,Dhaka,Jatrabari,Ward No-86,West Jatrabari
Bangladesh,Dhaka,Dhaka,Jatrabari,Ward No-84,Dhalpur
Bangladesh,Dhaka,Dhaka,Kadamtali,Dhania,Rayerbag
Bangladesh,Dhaka,Dhaka,Kadamtali,Dhania,Muradpur
Bangladesh,Dhaka,Dhaka,Jatrabari,Matuail,Shonir Akhra
Bangladesh,Dhaka,Dhaka,Jatrabari,Matuail,South Kazla (Nayanagar)
Bangladesh,Dhaka,Dhaka,Demra,Demra,Saralia
Bangladesh,Dhaka,Dhaka,Demra,Matuail,Shimrail
Bangladesh,Dhaka,Dhaka,Demra,Matuail,East Dogair
Bangladesh,Dhaka,Dhaka,Jatrabari,Matuail,Matuail
Bangladesh,Dhaka,Dhaka,Demra,Matuail,Matuail
Bangladesh,Dhaka,Dhaka,Demra,Matuail,Haji Nagar
Bangladesh,Dhaka,Dhaka,Demra,Matuail,Rasul Nagar
Bangladesh,Dhaka,Dhaka,Demra,Matuail,Bahir Tengra
Bangladesh,Dhaka,Dhaka,Demra,Demra,Demra
Bangladesh,Dhaka,Dhaka,Jatrabari,Matuail,Green Model Town
Bangladesh,Dhaka,Dhaka,Motijheel,Ward No-31,Motijheel
Bangladesh,Dhaka,Dhaka,Motijheel,Ward No-31,Gopibag
Bangladesh,Dhaka,Dhaka,Motijheel,Ward No-32,Arambagh
Bangladesh,Dhaka,Dhaka,Motijheel,Ward No-32,Dilkusha
Bangladesh,Dhaka,Dhaka,Paltan,Ward No-36,Santinagar
Bangladesh,Dhaka,Dhaka,Paltan,Ward No-36,Naya Paltan
Bangladesh,Dhaka,Dhaka,Paltan,Ward No-36,Purana Paltan
Bangladesh,Dhaka,Dhaka,Paltan,Ward No-36,Rajarbagh
Bangladesh,Dhaka,Dhaka,Shahbagh,Ward No-56,Bongo Bazar
Bangladesh,Dhaka,Dhaka,Shahbagh,Ward No-56,Osmani Uddan
Bangladesh,Dhaka,Dhaka,Shahbagh,Ward No-56,Segunbagicha
Bangladesh,Dhaka,Dhaka,Ramna,Ward No-53,Kakrail
Bangladesh,Dhaka,Dhaka,Ramna,Ward No-53,Shiddheswari
Bangladesh,Dhaka,Dhaka,Shahbagh,Ward No-56,Ramna Park
Bangladesh,Dhaka,Dhaka,Shahbagh,Ward No-56,Dhaka University
Bangladesh,Dhaka,Dhaka,Shahbagh,Ward No-57,Shahbagh
Bangladesh,Dhaka,Dhaka,Shahbagh,Ward No-56,BUET
Bangladesh,Dhaka,Dhaka,Shahbagh,Ward No-56,Dhaka Medical College
Bangladesh,Dhaka,Dhaka,Shahbagh,Ward No-57,Banglamotor
Bangladesh,Dhaka,Dhaka,Ramna,Ward No-53,Baily Road
Bangladesh,Dhaka,Dhaka,Ramna,Ward No-53,Old Eskaton
Bangladesh,Dhaka,Dhaka,Ramna,Ward No-54,New Eskaton
Bangladesh,Dhaka,Dhaka,Rampura,Ward No-22,Hatirjheel
Bangladesh,Dhaka,Dhaka,Ramna,Ward No-54,Hatirjheel
Bangladesh,Dhaka,Dhaka,Ramna,Ward No-55,Nayatola
Bangladesh,Dhaka,Dhaka,Ramna,Ward No-54,Greenway
Bangladesh,Dhaka,Dhaka,Ramna,Ward No-55,Mogbazar
Bangladesh,Dhaka,Dhaka,Ramna,Ward No-55,Mogbazar T&T Colony
Bangladesh,Dhaka,Dhaka,Ramna,Ward No-55,Banglamotor
Bangladesh,Dhaka,Dhaka,Ramna,Ward No-54,Gabtola
Bangladesh,Dhaka,Dhaka,Rampura,Ward No-22,Modhubagh
Bangladesh,Dhaka,Dhaka,Motijheel,Ward No-34,Shahidbagh
Bangladesh,Dhaka,Dhaka,Shahjahanpur,Ward No-34,North Shahjahanpur
Bangladesh,Dhaka,Dhaka,Rampura,Ward No-23,Malibagh
Bangladesh,Dhaka,Dhaka,Rampura,Ward No-23,East Hajipara
Bangladesh,Dhaka,Dhaka,Khilgaon,Ward No-24,Khilgaon
Bangladesh,Dhaka,Dhaka,Khilgaon,Ward No-24,Taltola
Bangladesh,Dhaka,Dhaka,Rampura,Ward No-22,Banasree
Bangladesh,Dhaka,Dhaka,Khilgaon,Ward No-26,Madhya Meradia
Bangladesh,Dhaka,Dhaka,Rampura,Ward No-22,Ulon
Bangladesh,Dhaka,Dhaka,Rampura,Ward No-22,Rampura Bridge
Bangladesh,Dhaka,Dhaka,Rampura,Ward No-22,Mohanagar Project
Bangladesh,Dhaka,Dhaka,Khilgaon,Ward No-26,Ansarbagh
Bangladesh,Dhaka,Dhaka,Rampura,Ward No-22,TV Center
Bangladesh,Dhaka,Dhaka,Khilgaon,Ward No-25,Goran
Bangladesh,Dhaka,Dhaka,Sabujbagh,Ward No-27,Basabo
Bangladesh,Dhaka,Dhaka,Sabujbagh,Ward No-27,Dakshin Basabo
Bangladesh,Dhaka,Dhaka,Sabujbagh,Ward No-27,South Basasbo
Bangladesh,Dhaka,Dhaka,Sabujbagh,Ward No-27,Sabujbagh
Bangladesh,Dhaka,Dhaka,Khilgaon,Ward No-25,Purba Goran
Bangladesh,Dhaka,Dhaka,Khilgaon,Ward No-25,Adarshabag
Bangladesh,Dhaka,Dhaka,Khilgaon,Dakshingaon,Purba Goran
Bangladesh,Dhaka,Dhaka,Khilgaon,Ward No-26,Purba Goran
Bangladesh,Dhaka,Dhaka,Sabujbagh,Ward No-29,South Mugdapara
Bangladesh,Dhaka,Dhaka,Sabujbagh,Ward No-28,Nandipara
Bangladesh,Dhaka,Dhaka,Sabujbagh,Ward No-28,Kadamtala
Bangladesh,Dhaka,Dhaka,Sabujbagh,Ward No-28,Rajarbagh
Bangladesh,Dhaka,Dhaka,Sabujbagh,Ward No-27,Kadamtala
Bangladesh,Dhaka,Dhaka,Sabujbagh,Ward No-28,Bank Polly
Bangladesh,Dhaka,Dhaka,Sabujbagh,Dakshingaon,Nutan Para
Bangladesh,Dhaka,Dhaka,Shabujbag,Dakshingaon,Begunbari
Bangladesh,Dhaka,Dhaka,Khilgaon,Dakshingaon,Bank Colony
Bangladesh,Dhaka,Dhaka,Khilgaon,Dakshingaon,Neoyazbag
Bangladesh,Dhaka,Dhaka,Khilgaon,Dakshingaon,West Nandipara
Bangladesh,Dhaka,Dhaka,Khilgaon,Dakshingaon,Nandipara
Bangladesh,Dhaka,Dhaka,Khilgaon,Ward No-26,South Banasree
Bangladesh,Dhaka,Dhaka,Badda,Ward No-21,South Badda
Bangladesh,Dhaka,Dhaka,Badda,Satarkul,Aftabnagar
Bangladesh,Dhaka,Dhaka,Badda,Badda,Anandanagar
Bangladesh,Dhaka,Dhaka,Badda,Badda,East Merul Badda
Bangladesh,Dhaka,Dhaka,Badda,Badda,Merul
Bangladesh,Dhaka,Dhaka,Badda,Badda,Baithakali
Bangladesh,Dhaka,Dhaka,Badda,Badda,Rupnagar
Bangladesh,Dhaka,Dhaka,Badda,Badda,Tekpara
Bangladesh,Dhaka,Dhaka,Badda,Badda,DIT Project
Bangladesh,Dhaka,Dhaka,Badda,Ward No-21,Uttar Badda
Bangladesh,Dhaka,Dhaka,Badda,Badda,Adarsha Nagar
Bangladesh,Dhaka,Dhaka,Badda,Badda,Nama Para
Bangladesh,Dhaka,Dhaka,Badda,Badda,Bawaila Para
Bangladesh,Dhaka,Dhaka,Badda,Badda,East Nurerchala
Bangladesh,Dhaka,Dhaka,Vatara,Vatara,Khilbari Tek
Bangladesh,Dhaka,Dhaka,Vatara,Vatara,Nurer Chala
Bangladesh,Dhaka,Dhaka,Badda,Ward No-18,Shahjadpur
Bangladesh,Dhaka,Dhaka,Vatara,Vatara,Natun Bazaar
Bangladesh,Dhaka,Dhaka,Vatara,Vatara,Vatara
Bangladesh,Dhaka,Dhaka,Vatara,Vatara,Bepari Bari
Bangladesh,Dhaka,Dhaka,Badda,Ward No-17,Madani Avenue
Bangladesh,Dhaka,Dhaka,Vatara,Vatara,Nasir Er Tek
Bangladesh,Dhaka,Dhaka,Badda,Beraid,Beraid
Bangladesh,Dhaka,Dhaka,Badda,Beraid,Beraid
Bangladesh,Dhaka,Dhaka,Badda,Satarkul,Aftab Nagar Lake
Bangladesh,Dhaka,Dhaka,Badda,Satarkul,Bottola
Bangladesh,Dhaka,Dhaka,Badda,Satarkul,Satarkul
Bangladesh,Dhaka,Dhaka,Badda,Beraid,Madani Sarani
Bangladesh,Dhaka,Dhaka,Vatara,Vatara,Madani Avenue
Bangladesh,Dhaka,Dhaka,Gulshan,Ward No-18,Kalachandpur
Bangladesh,Dhaka,Dhaka,Gulshan,Ward No-18,Nadda
Bangladesh,Dhaka,Dhaka,Vatara,Ward No-17,Pragati Sarani
Bangladesh,Dhaka,Dhaka,Cantonment,Ward No-98,DOHS Baridhara
Bangladesh,Dhaka,Dhaka,Cantonment,Ward No-98,Joar Shahara
Bangladesh,Dhaka,Dhaka,Khilkhet,Ward No-17,Kuril
Bangladesh,Dhaka,Dhaka,Vatara,Ward No-17,Jamuna Future Park
Bangladesh,Dhaka,Dhaka,Khilkhet,Dakshinkhan,Balu Bridge
Bangladesh,Dhaka,Dhaka,Khilkhet,Dumni,Patira
Bangladesh,Dhaka,Dhaka,Cantonment,Ward No-98,MES
Bangladesh,Dhaka,Dhaka,Cantonment,Ward No-98,Zia Colony
Bangladesh,Dhaka,Dhaka,Cantonment,Ward No-98,Shaheed Mannan Line
Bangladesh,Dhaka,Dhaka,Cantonment,Ward No-98,MES Colony
Bangladesh,Dhaka,Dhaka,Khilkhet,Ward No-17,Nikunja 1
Bangladesh,Dhaka,Dhaka,Khilkhet,Ward No-17,Jamtola
Bangladesh,Dhaka,Dhaka,Kafrul,Ward No-15,Nirjhar
Bangladesh,Dhaka,Dhaka,Cantonment,Ward No-98,Army Golf Club
Bangladesh,Dhaka,Dhaka,Cantonment,Ward No-98,Kurmitola
Bangladesh,Dhaka,Dhaka,Kafrul,Ward No-15,Damalkot
Bangladesh,Dhaka,Dhaka,Kafrul,Ward No-15,Kachukhet
Bangladesh,Dhaka,Dhaka,Kafrul,Ward No-16,Ibrahimpur
Bangladesh,Dhaka,Dhaka,Kafrul,Ward No-14,East Shewrapara
Bangladesh,Dhaka,Dhaka,Cantonment,Ward No-98,Moinul Road
Bangladesh,Dhaka,Dhaka,Cantonment,Ward No-98,Mohakhali DOHS
Bangladesh,Dhaka,Dhaka,Kafrul,Ward No-16,Saudi Colony
Bangladesh,Dhaka,Dhaka,Tejgaon,Ward No-38,Arjatpara
Bangladesh,Dhaka,Dhaka,Tejgaon,Ward No-38,West Nakhalpara
Bangladesh,Dhaka,Dhaka,Tejgaon,Ward No-38,Shaheenbag
Bangladesh,Dhaka,Dhaka,Tejgaon,Ward No-38,Elenbari
Bangladesh,Dhaka,Dhaka,Tejgaon,Ward No-38,The Prime Minister's Office
Bangladesh,Dhaka,Dhaka,Tejgaon,Ward No-21,Rasulbag
Bangladesh,Dhaka,Dhaka,Tejgaon,Ward No-38,East Nakhalpara
Bangladesh,Dhaka,Dhaka,Tejgaon,Ward No-39,Railway Colony
Bangladesh,Dhaka,Dhaka,Tejgaon Ind. Area,Ward No-37,Tejgaon Ind. Area
Bangladesh,Dhaka,Dhaka,Tejgaon Ind. Area,Ward No-37,Begunbari
Bangladesh,Dhaka,Dhaka,Tejgaon,Ward No-39,Tejkunipara
Bangladesh,Dhaka,Dhaka,Tejgaon,Tejgaon Ind. Area,Monipuripara
Bangladesh,Dhaka,Dhaka,Tejgaon,Tejgaon Ind. Area,West Rajabazar
Bangladesh,Dhaka,Dhaka,Tejgaon,Ward No-39,IKI's Area
Bangladesh,Dhaka,Dhaka,Tejgaon,Tejgaon Ind. Area,Farmgate
Bangladesh,Dhaka,Dhaka,Tejgaon,Ward No-39,Tejturi Bazar
Bangladesh,Dhaka,Dhaka,Tejgaon,Tejgaon Ind. Area,Rajabazar
Bangladesh,Dhaka,Dhaka,Tejgaon,Tejgaon Ind. Area,Shukrabad
Bangladesh,Dhaka,Dhaka,Sher-e-bangla Nagar,Ward No-41,Agargaon
Bangladesh,Dhaka,Dhaka,Sher-e-bangla Nagar,Ward No-41,Taltola
Bangladesh,Dhaka,Dhaka,Kafrul,Ward No-16,West Kafrul
Bangladesh,Dhaka,Dhaka,Mirpur,Ward No-14,West Shewrapara
Bangladesh,Dhaka,Dhaka,Kafrul,Ward No-14,East Kazipara
Bangladesh,Dhaka,Dhaka,Kafrul,Ward No-14,Senpara Parbata
Bangladesh,Dhaka,Dhaka,Mirpur,Ward No-13,Monipur
Bangladesh,Dhaka,Dhaka,Mirpur,Ward No-13,Borobag
Bangladesh,Dhaka,Dhaka,Mirpur,Ward No-12,Shah Ali Bag
Bangladesh,Dhaka,Dhaka,Mirpur,Ward No-12,Ahmed Nagar
Bangladesh,Dhaka,Dhaka,Mirpur,Ward No-14,West Kazipara
Bangladesh,Dhaka,Dhaka,Mirpur,Ward No-13,South Monipur
Bangladesh,Dhaka,Dhaka,Mirpur,Ward No-13,Pirerbag
Bangladesh,Dhaka,Dhaka,Pallabi,Ward No-16,Shimultola
Bangladesh,Dhaka,Dhaka,Mirpur,Ward No-12,Middle Paikpara
Bangladesh,Dhaka,Dhaka,Mirpur,Ward No-11,Paikpara
Bangladesh,Dhaka,Dhaka,Mirpur,Ward No-11,Kallyanpur
Bangladesh,Dhaka,Dhaka,Darus Salam,Ward No-10,Darussalam
Bangladesh,Dhaka,Dhaka,Mohammadpur,Ward No-45,Mohammadpur
Bangladesh,Dhaka,Dhaka,Darus Salam,Ward No-09,Gabtali
Bangladesh,Dhaka,Dhaka,Adabor,Ward No-43,Adabar
Bangladesh,Dhaka,Dhaka,Adabor,Ward No-43,Baitul Aman Housing
Bangladesh,Dhaka,Dhaka,Mohammadpur,Ward No-42,Shyamoli
Bangladesh,Dhaka,Dhaka,Adabor,Ward No-43,P C Culture Housing Society
Bangladesh,Dhaka,Dhaka,Adabor,Ward No-46,Mofizbag Housing
Bangladesh,Dhaka,Dhaka,Adabor,Ward No-46,Mohammadia Housing Society
Bangladesh,Dhaka,Dhaka,Pallabi,Ward No-16,Gabtali
Bangladesh,Dhaka,Dhaka,Mohammadpur,Ward No-45,Lalmatia
Bangladesh,Dhaka,Dhaka,Mohammadpur,Ward No-45,Geneva Camp
Bangladesh,Dhaka,Dhaka,Sher-e-bangla Nagar,Ward No-40,Bangladesh National Parliament
Bangladesh,Dhaka,Dhaka,Kafrul,Ward No-16,Tejgaon Airport
Bangladesh,Dhaka,Dhaka,Cantonment,Ward No-98,Banani DOHS
Bangladesh,Dhaka,Dhaka,Mirpur,Ward No-12,Mirpur-1
Bangladesh,Dhaka,Dhaka,Darus Salam,Ward No-10,3rd Colony
Bangladesh,Dhaka,Dhaka,Darus Salam,Ward No-09,Golartek
Bangladesh,Dhaka,Dhaka,Darus Salam,Ward No-09,Harirampur
Bangladesh,Dhaka,Dhaka,Darus Salam,Ward No-10,Lalkuthi
Bangladesh,Dhaka,Dhaka,Darus Salam,Ward No-09,Kotbari
Bangladesh,Dhaka,Dhaka,Mirpur,Ward No-12,Darussalam
Bangladesh,Dhaka,Dhaka,Darus Salam,Ward No-10,1st Colony
Bangladesh,Dhaka,Dhaka,Darus Salam,Ward No-09,Basupara 1st Colony
Bangladesh,Dhaka,Dhaka,Darus Salam,Ward No-09,Bagbari
Bangladesh,Dhaka,Dhaka,Darus Salam,Ward No-09,Jahurabad
Bangladesh,Dhaka,Dhaka,Darus Salam,Ward No-09,Diabari
Bangladesh,Dhaka,Dhaka,Darus Salam,Ward No-10,Darussalam
Bangladesh,Dhaka,Dhaka,Shah Ali,Ward No-08,Turag City
Bangladesh,Dhaka,Dhaka,Shah Ali,Ward No-08,Kazi Furi
Bangladesh,Dhaka,Dhaka,Shah Ali,Ward No-08,"Bangladesh National Zoo, Mirpur"
Bangladesh,Dhaka,Dhaka,Shah Ali,Ward No-08,BCIC Staff Colony
Bangladesh,Dhaka,Dhaka,Mirpur,Ward No-07,Section 6
Bangladesh,Dhaka,Dhaka,Mirpur,Ward No-07,Section 2
Bangladesh,Dhaka,Dhaka,Shah Ali,Ward No-08,BCIC Staff Colony
Bangladesh,Dhaka,Dhaka,Shah Ali,Ward No-08,Section 1
Bangladesh,Dhaka,Dhaka,Pallabi,Ward No-06,Section 7
Bangladesh,Dhaka,Dhaka,Pallabi,Ward No-03,Section 10
Bangladesh,Dhaka,Dhaka,Kafrul,Ward No-04,Section 15
Bangladesh,Dhaka,Dhaka,Kafrul,Ward No-04,Section 13
Bangladesh,Dhaka,Dhaka,Pallabi,Ward No-02,Section 12
Bangladesh,Dhaka,Dhaka,Pallabi,Ward No-05,Lalmati
Bangladesh,Dhaka,Dhaka,Pallabi,Ward No-05,Section 11
Bangladesh,Dhaka,Dhaka,Pallabi,Ward No-05,Bauniabadh
Bangladesh,Dhaka,Dhaka,Turag,Harirampur,Shagufta
Bangladesh,Dhaka,Dhaka,Pallabi,Ward No-06,Mirpur Cantonment
Bangladesh,Dhaka,Dhaka,Pallabi,Ward No-02,Mirpur DOHS
Bangladesh,Dhaka,Dhaka,Pallabi,Ward No-05,Palash Nagar
Bangladesh,Dhaka,Dhaka,Cantonment,Ward No-98,Kurmitola Golf Club
Bangladesh,Dhaka,Dhaka,Kafrul,Ward No-04,Section 14
Bangladesh,Dhaka,Dhaka,Pallabi,Ward No-05,Section 13
Bangladesh,Dhaka,Dhaka,Pallabi,Ward No-05,Journalist Residential Area
Bangladesh,Dhaka,Dhaka,Pallabi,Ward No-03,Sobuj Bangla R/A
Bangladesh,Dhaka,Dhaka,Pallabi,Ward No-16,Sobuj Bangla R/A
Bangladesh,Dhaka,Dhaka,Pallabi,Ward No-03,Modina Nagar
Bangladesh,Dhaka,Dhaka,Kafrul,Ward No-15,Dewanpara
Bangladesh,Dhaka,Dhaka,Kafrul,Ward No-15,Vashantek
Bangladesh,Dhaka,Dhaka,Cantonment,Ward No-15,Matikata
Bangladesh,Dhaka,Dhaka,Pallabi,Ward No-15,Namapara
Bangladesh,Dhaka,Dhaka,Cantonment,Ward No-15,Manikdi
Bangladesh,Dhaka,Dhaka,Cantonment,Ward No-15,Shaheed Mostafa Kamal Line
Bangladesh,Dhaka,Dhaka,Pallabi,Ward No-15,Mastertek
Bangladesh,Dhaka,Dhaka,Pallabi,Ward No-15,Balughat
Bangladesh,Dhaka,Dhaka,Pallabi,Ward No-15,Barontek
Bangladesh,Dhaka,Dhaka,Pallabi,Ward No-15,Baigertek
Bangladesh,Dhaka,Dhaka,Turag,Harirampur,Bawnia
Bangladesh,Dhaka,Dhaka,Turag,Harirampur,Sector 17
Bangladesh,Dhaka,Dhaka,Turag,Harirampur,Birulia
Bangladesh,Dhaka,Dhaka,Turag,Harirampur,Sector 18
Bangladesh,Dhaka,Dhaka,Turag,Harirampur,Sector 16
Bangladesh,Dhaka,Dhaka,Turag,Harirampur,Sector 15
Bangladesh,Dhaka,Dhaka,Uttara,Ward No-01,Kadoi Tala
Bangladesh,Dhaka,Dhaka,Uttara,Ward No-01,Dholipara
Bangladesh,Dhaka,Dhaka,Uttara,Ward No-01,Ahalia
Bangladesh,Dhaka,Dhaka,Uttara,Ward No-01,Priyanka City
Bangladesh,Dhaka,Dhaka,Uttara,Ward No-01,Sector 5
Bangladesh,Dhaka,Dhaka,Uttara,Ward No-01,Sector 14
Bangladesh,Dhaka,Dhaka,Uttara,Ward No-01,Sector 12
Bangladesh,Dhaka,Dhaka,Uttara,Ward No-01,Sector-13
Bangladesh,Dhaka,Dhaka,Uttara,Ward No-01,Sector 7
Bangladesh,Dhaka,Dhaka,Uttara,Ward No-01,Sector 3
Bangladesh,Dhaka,Dhaka,Uttara,Ward No-01,Sector 1
Bangladesh,Dhaka,Dhaka,Uttara,Ward No-01,RAB-1
Bangladesh,Dhaka,Dhaka,Uttara,Ward No-01,Sector 4
Bangladesh,Dhaka,Dhaka,Uttara,Ward No-01,Sector 6
Bangladesh,Dhaka,Dhaka,Uttara,Ward No-01,Abdullahpur
Bangladesh,Dhaka,Dhaka,Uttara,Ward No-01,Sector 9
Bangladesh,Dhaka,Dhaka,Uttara,Ward No-01,Sector 8
Bangladesh,Dhaka,Dhaka,Uttara,Ward No-01,Sector 11
Bangladesh,Dhaka,Dhaka,Dakshinkhan,Dakshinkhan,কোটবাড়ী বাজার
Bangladesh,Dhaka,Dhaka,Dakshinkhan,Dakshinkhan,Uttara Postal Quarter
Bangladesh,Dhaka,Dhaka,Dakshinkhan,Dakshinkhan,Dewanpara
Bangladesh,Dhaka,Dhaka,Dakshinkhan,Dakshinkhan,North Azampur
Bangladesh,Dhaka,Dhaka,Dakshinkhan,Dakshinkhan,Madhya Ajampur
Bangladesh,Dhaka,Dhaka,Dakshinkhan,Dakshinkhan,South Azampur
Bangladesh,Dhaka,Dhaka,Biman Bandar,Dakshinkhan,South Mollartek
Bangladesh,Dhaka,Dhaka,Biman Bandar,Dakshinkhan,Civilaviation Colony
Bangladesh,Dhaka,Dhaka,Biman Bandar,Dakshinkhan,CAAB Colony
Bangladesh,Dhaka,Dhaka,Biman Bandar,Dakshinkhan,Kawla
Bangladesh,Dhaka,Dhaka,Dakshinkhan,Dakshinkhan,Bank Colony
Bangladesh,Dhaka,Dhaka,Biman Bandar,Dakshinkhan,Gawair
Bangladesh,Dhaka,Dhaka,Biman Bandar,Dakshinkhan,Prembagan
Bangladesh,Dhaka,Dhaka,Dakshinkhan,Dakshinkhan,Taltola
Bangladesh,Dhaka,Dhaka,Dakshinkhan,Dakshinkhan,Naddapara
Bangladesh,Dhaka,Dhaka,Dakshinkhan,Dakshinkhan,Aainusbag
Bangladesh,Dhaka,Dhaka,Dakshinkhan,Dakshinkhan,Aamtola
Bangladesh,Dhaka,Dhaka,Dakshinkhan,Dakshinkhan,Fayadabad
Bangladesh,Dhaka,Dhaka,Dakshinkhan,Dakshinkhan,Kazibari
Bangladesh,Dhaka,Dhaka,Dakshinkhan,Dakshinkhan,Hazipara
Bangladesh,Dhaka,Dhaka,Dakshinkhan,Dakshinkhan,Gawair Bazar
Bangladesh,Dhaka,Dhaka,Dakshinkhan,Dakshinkhan,South Chalabon
Bangladesh,Dhaka,Dhaka,Dakshinkhan,Dakshinkhan,Middle Azampur
Bangladesh,Dhaka,Dhaka,Dakshinkhan,Dakshinkhan,East Azampur
Bangladesh,Dhaka,Dhaka,Uttar Khan,Uttar Khan,Mollapara
Bangladesh,Dhaka,Dhaka,Dakshinkhan,Dakshinkhan,Anurbag
Bangladesh,Dhaka,Dhaka,Dakshinkhan,Dakshinkhan,Sonakhola
Bangladesh,Dhaka,Dhaka,Khilkhet,Ward No-17,Bonorupa Residential Project
Bangladesh,Dhaka,Dhaka,Khilkhet,Ward No-17,Namapara
Bangladesh,Dhaka,Dhaka,Khilkhet,Dakshinkhan,Barua Bazar
Bangladesh,Dhaka,Dhaka,Dakshinkhan,Dakshinkhan,Sadarpara
Bangladesh,Dhaka,Dhaka,Dakshinkhan,Dakshinkhan,Nowapara
Bangladesh,Dhaka,Dhaka,Uttar Khan,Uttar Khan,Madhyapara
Bangladesh,Dhaka,Dhaka,Uttar Khan,Uttar Khan,Chamur Khan
Bangladesh,Dhaka,Dhaka,Uttar Khan,Uttar Khan,Sharkerpara
Bangladesh,Dhaka,Dhaka,Uttar Khan,Uttar Khan,Bepari Bari
Bangladesh,Dhaka,Dhaka,Uttar Khan,Uttar Khan,Madarbari
Bangladesh,Dhaka,Dhaka,Uttar Khan,Uttar Khan,Masterbari
Bangladesh,Dhaka,Dhaka,Uttar Khan,Uttar Khan,Bhuiyan Para
Bangladesh,Dhaka,Dhaka,Uttar Khan,Uttar Khan,Adarshapara
Bangladesh,Dhaka,Dhaka,Uttar Khan,Uttar Khan,Bhuiyan Para
Bangladesh,Dhaka,Dhaka,Uttar Khan,Uttar Khan,Rajabari
Bangladesh,Dhaka,Dhaka,Uttar Khan,Uttar Khan,Atipara
Bangladesh,Dhaka,Dhaka,Uttar Khan,Uttar Khan,Chanbari
Bangladesh,Dhaka,Dhaka,Dakshinkhan,Dakshinkhan,North Chalaban
Bangladesh,Dhaka,Dhaka,Dakshinkhan,Dakshinkhan,Goaltek
Bangladesh,Dhaka,Dhaka,Uttar Khan,Uttar Khan,Mazar Para
Bangladesh,Dhaka,Dhaka,Uttar Khan,Uttar Khan,Mainertek
Bangladesh,Dhaka,Dhaka,Uttar Khan,Uttar Khan,Kanchkura
Bangladesh,Dhaka,Dhaka,Uttar Khan,Uttar Khan,Bhatira
Bangladesh,Dhaka,Dhaka,Uttar Khan,Uttar Khan,Koraihati
Bangladesh,Dhaka,Dhaka,Uttar Khan,Uttar Khan,Uttara ABM City
Bangladesh,Dhaka,Dhaka,Turag,Harirampur,Diyabari
Bangladesh,Dhaka,Dhaka,Turag,Harirampur,Nalbhog
Bangladesh,Dhaka,Dhaka,Uttara,Ward No-01,Turag Tir
Bangladesh,Dhaka,Dhaka,Uttara,Ward No-01,Rasdia Mouza
Bangladesh,Dhaka,Dhaka,Uttara,Ward No-01,Bhatulia Mouza
Bangladesh,Dhaka,Dhaka,Turag,Harirampur,Bhatuliya
Bangladesh,Dhaka,Dhaka,Turag,Harirampur,Phulbaria
Bangladesh,Dhaka,Dhaka,Turag,Harirampur,Ranavola
Bangladesh,Dhaka,Dhaka,Turag,Harirampur,Bamnartek
Bangladesh,Dhaka,Dhaka,Turag,Harirampur (Part),Noa Nagar
Bangladesh,Dhaka,Dhaka,Turag,Harirampur,Taratek
Bangladesh,Dhaka,Dhaka,Turag,Harirampur,Nishadnagar
Bangladesh,Dhaka,Dhaka,Turag,Harirampur,Kamarpara
Bangladesh,Dhaka,Dhaka,Badda,Beraid,Basundhara Residential Area
Bangladesh,Dhaka,Dhaka,Cantonment,Ward No-98,Kafrul
Bangladesh,Dhaka,Dhaka,Badda,Badda,Aftabnagar
Bangladesh,Dhaka,Dhaka,Jatrabari,Matuail,Demra
Bangladesh,Dhaka,Dhaka,Shahjahanpur,Ward No-35,Malibagh
Bangladesh,Dhaka,Dhaka,Khilgaon,Ward No-26,East Rampura
Bangladesh,Dhaka,Dhaka,Rampura,Ward No-22,Madhya Meradia
Bangladesh,Dhaka,Dhaka,Khilgaon,Ward No-26,Banasree
Bangladesh,Dhaka,Dhaka,Khilgaon,Ward No-26,Aftabnagar
Bangladesh,Dhaka,Dhaka,Khilgaon,Ward No-26,Aftabnagar
Bangladesh,Dhaka,Dhaka,Khilgaon,Dakshingaon,Shabujbag
Bangladesh,Dhaka,Dhaka,Khilgaon,Ward No-25,Khilgaon
Bangladesh,Dhaka,Dhaka,Shahjahanpur,Ward No-34,Kamalapur
Bangladesh,Dhaka,Dhaka,Sabujbagh,Ward No-27,Kadamtala
Bangladesh,Dhaka,Dhaka,Sabujbagh,Ward No-27,Madartek
Bangladesh,Dhaka,Dhaka,Sabujbagh,Manda,Maniknagar
Bangladesh,Dhaka,Dhaka,Sabujbagh,Manda,Golapbag
Bangladesh,Dhaka,Dhaka,Demra,Matuail,Matuail
Bangladesh,Dhaka,Dhaka,Jatrabari,Ward No-85,Maniknagar
Bangladesh,Dhaka,Dhaka,Ramna,Ward No-53,Mogbazar
Bangladesh,Dhaka,Dhaka,Ramna,Ward No-53,Segunbagicha
Bangladesh,Dhaka,Dhaka,Motijheel,Ward No-32,Gopibag
Bangladesh,Dhaka,Dhaka,Motijheel,Ward No-32,Motijheel
Bangladesh,Dhaka,Dhaka,Shahbagh,Ward No-56,Shahbagh
Bangladesh,Dhaka,Dhaka,Shahbagh,Ward No-57,Dhaka University
Bangladesh,Dhaka,Dhaka,Ramna,Ward No-54,Nayatola
Bangladesh,Dhaka,Dhaka,Ramna,Ward No-55,Mogbazar
Bangladesh,Dhaka,Dhaka,Tejgaon,Ward No-39,Farmgate
Bangladesh,Dhaka,Dhaka,Tejgaon Ind. Area,Ward No-37,Tejkunipara
Bangladesh,Dhaka,Dhaka,Banani,Ward No-20,Niketon
Bangladesh,Dhaka,Dhaka,Kafrul,Ward No-16,Kafrul
Bangladesh,Dhaka,Dhaka,Cantonment,Ward No-98,Cantonment
Bangladesh,Dhaka,Dhaka,Cantonment,Ward No-98,BAF Kurmitola Cantonment
Bangladesh,Dhaka,Dhaka,Pallabi,Ward No-15,Manikdi
Bangladesh,Dhaka,Dhaka,Cantonment,Ward No-15,Namapara
Bangladesh,Dhaka,Dhaka,Pallabi,Ward No-02,Shagufta
Bangladesh,Dhaka,Dhaka,Turag,Harirampur,Section 13
Bangladesh,Dhaka,Dhaka,Shah Ali,Ward No-08,Mirpur-1
Bangladesh,Dhaka,Dhaka,Pallabi,Ward No-06,Section 6
Bangladesh,Dhaka,Dhaka,Pallabi,Ward No-03,Section 11
Bangladesh,Dhaka,Dhaka,Mirpur,Ward No-14,Senpara Parbata
Bangladesh,Dhaka,Dhaka,Kafrul,Ward No-14,Section 14
Bangladesh,Dhaka,Dhaka,Kafrul,Ward No-14,Ibrahimpur
Bangladesh,Dhaka,Dhaka,Kafrul,Ward No-04,Section 13
Bangladesh,Dhaka,Dhaka,Kafrul,Ward No-04,Vashantek
Bangladesh,Dhaka,Dhaka,Kafrul,Ward No-16,Section 14
Bangladesh,Dhaka,Dhaka,Kafrul,Ward No-14,Section 14
Bangladesh,Dhaka,Dhaka,Kafrul,Ward No-16,West Shewrapara
Bangladesh,Dhaka,Dhaka,Mirpur,Ward No-13,Senpara Parbata
Bangladesh,Dhaka,Dhaka,Mirpur,Ward No-14,Monipur
Bangladesh,Dhaka,Dhaka,Mirpur,Ward No-14,South Monipur
Bangladesh,Dhaka,Dhaka,Mirpur,Ward No-13,West Shewrapara
Bangladesh,Dhaka,Dhaka,Mirpur,Ward No-14,West Shewrapara
Bangladesh,Dhaka,Dhaka,Mirpur,Ward No-13,Ahmed Nagar
Bangladesh,Dhaka,Dhaka,Mirpur,Ward No-13,Paikpara
Bangladesh,Dhaka,Dhaka,Darus Salam,Ward No-10,Darussalam
Bangladesh,Dhaka,Dhaka,Shah Ali,Ward No-08,Darussalam
Bangladesh,Dhaka,Dhaka,Darus Salam,Ward No-10,Kallyanpur
Bangladesh,Dhaka,Dhaka,Mirpur,Ward No-11,Darussalam
Bangladesh,Dhaka,Dhaka,Darus Salam,Ward No-10,Gabtali
Bangladesh,Dhaka,Dhaka,Sher-e-bangla Nagar,Ward No-41,Shyamoli
Bangladesh,Dhaka,Dhaka,Mirpur,Ward No-11,Middle Paikpara
Bangladesh,Dhaka,Dhaka,Adabor,Ward No-43,Shyamoli
Bangladesh,Dhaka,Dhaka,Mohammadpur,Ward No-45,Shyamoli
Bangladesh,Dhaka,Dhaka,Mohammadpur,Ward No-42,Mohammadpur
Bangladesh,Dhaka,Dhaka,Mohammadpur,Ward No-44,Mohammadpur
Bangladesh,Dhaka,Dhaka,Mohammadpur,Ward No-44,Lalmatia
Bangladesh,Dhaka,Dhaka,Adabor,Ward No-43,Mofizbag Housing
Bangladesh,Dhaka,Dhaka,Mohammadpur,Ward No-46,Bosila
Bangladesh,Dhaka,Dhaka,Mohammadpur,Ward No-47,West Dhanmondi
Bangladesh,Dhaka,Dhaka,Kalabagan,Ward No-51,Kalabagan
Bangladesh,Dhaka,Dhaka,Dhanmondi,Ward No-48,Tallabag
Bangladesh,Dhaka,Dhaka,Dhanmondi,Ward No-48,Hazaribag
Bangladesh,Dhaka,Dhaka,Dhanmondi,Ward No-48,Jigatola
Bangladesh,Dhaka,Dhaka,New Market,Ward No-52,Hatirpool
Bangladesh,Dhaka,Dhaka,Lalbagh,Ward No-56,BUET
Bangladesh,Dhaka,Dhaka,Lalbagh,Ward No-56,Azimpur
Bangladesh,Dhaka,Dhaka,Lalbagh,Ward No-56,Dhaka Medical College
Bangladesh,Dhaka,Dhaka,Chak Bazar,Ward No-64,Bakshi Bazar
Bangladesh,Dhaka,Dhaka,Bangshal,Ward No-67,Bakshi Bazar
Bangladesh,Dhaka,Dhaka,Chak Bazar,Ward No-63,Azimpur
Bangladesh,Dhaka,Dhaka,Bangshal,Ward No-68,Babu Bazaar
Bangladesh,Dhaka,Dhaka,Kotwali,Ward No-71,Babu Bazaar
Bangladesh,Dhaka,Dhaka,Bangshal,Ward No-70,Nawabpur
Bangladesh,Dhaka,Dhaka,Gendaria,Ward No-76,Sayedabad
Bangladesh,Dhaka,Dhaka,Jatrabari,Ward No-76,Sayedabad
Bangladesh,Dhaka,Dhaka,Shyampur,Ward No-90,Postogola
Bangladesh,Dhaka,Dhaka,Shyampur,Ward No-90,Kadamtali
Bangladesh,Dhaka,Dhaka,Kadamtali,Dhania,Doniya
Bangladesh,Dhaka,Dhaka,Kadamtali,Matuail,Mujahid Nagar
Bangladesh,Dhaka,Dhaka,Jatrabari,Dhania,South Kazla (Nayanagar)
Bangladesh,Dhaka,Dhaka,Jatrabari,Dhania,Shonir Akhra
Bangladesh,Dhaka,Dhaka,Kamrangir Char,Kamrangir Char,Noyagaon
Bangladesh,Dhaka,Dhaka,Kamrangir Char,Kamrangir Char,Huzurpara
Bangladesh,Dhaka,Dhaka,Kamrangir Char,Kamrangir Char,Sultanganj
Bangladesh,Dhaka,Dhaka,Lalbagh,Ward No-92,Munshihati
Bangladesh,Dhaka,Dhaka,Lalbagh,Ward No-92,Baragram
Bangladesh,Dhaka,Dhaka,Lalbagh,Ward No-92,Baragram
Bangladesh,Dhaka,Dhaka,Lalbagh,Ward No-92,Baragram
Bangladesh,Dhaka,Dhaka,Kamrangir Char,Kamrangir Char,Kamrangir Char Beri Badh
Bangladesh,Dhaka,Dhaka,Kamrangir Char,Kamrangir Char,Thota
Bangladesh,Dhaka,Dhaka,Lalbagh,Ward No-91,Noyagaon
Bangladesh,Dhaka,Dhaka,Demra,Demra,Amulia Model Town
Bangladesh,Dhaka,Dhaka,Demra,Demra,Paity
Bangladesh,Dhaka,Dhaka,Demra,Demra,Mirpara
Bangladesh,Dhaka,Dhaka,Demra,Demra,Amulia
Bangladesh,Dhaka,Dhaka,Demra,Demra,Demra Bazar
Bangladesh,Dhaka,Dhaka,Demra,Demra,Konapara
Bangladesh,Dhaka,Dhaka,Demra,Demra,Mollic Para
Bangladesh,Dhaka,Dhaka,Demra,Demra,Mendipur
Bangladesh,Dhaka,Dhaka,Demra,Demra,Demra
Bangladesh,Dhaka,Dhaka,Demra,Demra,Thul Thulia Bazar
Bangladesh,Dhaka,Dhaka,Demra,Demra,Nagdarpar
Bangladesh,Dhaka,Dhaka,Mohammadpur,Ward No-47,Rayer Bazaar
Bangladesh,Dhaka,Dhaka,Mohammadpur,Ward No-47,Rayer Bazaar
Bangladesh,Dhaka,Dhaka,Mohammadpur,Ward No-47,Zafrabad
Bangladesh,Dhaka,Dhaka,Mohammadpur,Ward No-47,Katashur
Bangladesh,Dhaka,Dhaka,Mohammadpur,Ward No-46,Katashur
Bangladesh,Dhaka,Dhaka,Mohammadpur,Ward No-47,Bosila
Bangladesh,Dhaka,Dhaka,Gulshan,Ward No-19,Hatirjheel
Bangladesh,Dhaka,Dhaka,Badda,Ward No-21,Hatirjheel
Bangladesh,Dhaka,Dhaka,Tejgaon,Ward No-39,Hatirjheel
Bangladesh,Dhaka,Dhaka,Tejgaon Ind. Area,Ward No-37,Hatirjheel
Bangladesh,Dhaka,Dhaka,Tejgaon Ind. Area,Ward No-37,Hatirjheel
Bangladesh,Dhaka,Dhaka,Tejgaon Ind. Area,Ward No-37,Hatirjheel
Bangladesh,Dhaka,Dhaka,Kafrul,Ward No-98,Saudi Colony
Bangladesh,Dhaka,Dhaka,Uttar Khan,Uttar Khan,Talna
Bangladesh,Dhaka,Dhaka,Uttar Khan,Uttar Khan,Amalia
Bangladesh,Dhaka,Dhaka,Khilkhet,Dakshinkhan,Amalia
Bangladesh,Dhaka,Dhaka,Dakshinkhan,Dakshinkhan,Amalia
Bangladesh,Dhaka,Dhaka,Banani,Ward No-20,Mohakhali
Bangladesh,Dhaka,Dhaka,Banani,Ward No-19,Banani Model Town
Bangladesh,Dhaka,Dhaka,Vatara,Basundhara R/A,Basundhara B Block
Bangladesh,Dhaka,Dhaka,Vatara,Basundhara R/A,Basundhara C Block
Bangladesh,Dhaka,Dhaka,Vatara,Basundhara R/A,Basundhara G Block
Bangladesh,Dhaka,Dhaka,Vatara,Basundhara R/A,Basundhara D Block
Bangladesh,Dhaka,Dhaka,Vatara,Basundhara R/A,Basundhara H Block
Bangladesh,Dhaka,Dhaka,Vatara,Basundhara R/A,Basundhara I Block
Bangladesh,Dhaka,Dhaka,Vatara,Basundhara R/A,Basundhara M Block
Bangladesh,Dhaka,Dhaka,Vatara,Basundhara R/A,Basundhara J Block
Bangladesh,Dhaka,Dhaka,Vatara,Basundhara R/A,Basundhara K Block
Bangladesh,Dhaka,Dhaka,Vatara,Basundhara R/A,Basundhara L Block
Bangladesh,Dhaka,Dhaka,Vatara,Basundhara R/A,Basundhara A Block
Bangladesh,Dhaka,Dhaka,Vatara,Basundhara R/A,Basundhara E Block
Bangladesh,Dhaka,Dhaka,Vatara,Basundhara R/A,Basundhara Residential Area
Bangladesh,Dhaka,Dhaka,Khilkhet,Dakshinkhan,Pink City Model Town
Bangladesh,Dhaka,Dhaka,Vatara,Basundhara R/A,Basundhara Residential Area
Bangladesh,Dhaka,Dhaka,Badda,Beraid,Jaurar Tek
Bangladesh,Dhaka,Dhaka,Demra,Demra,Jamdani Market
